#{"t_start": 1710386929.8714685, "env_id": "CartPole-v1"}
r,l,t
90.0,90,0.191917
